timestamp,host,cpu,tool,tool_version,pair,set_a,set_b,k,m,threads,pin,cache,op,rep,n_a,n_b,result_kmers,jaccard,time_s,peak_rss_kb,cpu_pct,fs_in_blocks,fs_out_blocks,out_bytes,verified
2026-10-06T06:29:27+02:00,yoann-Precision-5490,Intel(R) Core(TM) Ultra 7 165H,sklib,sklib-0.15.0,ocean_SRF:ocean_DCM,ocean_SRF,ocean_DCM,31,15,8,0;1;3;6;8;10;12;17,cold,union,1,4032100798,3791129053,6594466456,0.1863,113.462,998488,757,44092048,38945480,19939999140,ok
2026-10-06T06:31:08+02:00,yoann-Precision-5490,Intel(R) Core(TM) Ultra 7 165H,sklib@b16384,sklib-0.15.0,ocean_SRF:ocean_DCM,ocean_SRF,ocean_DCM,31,15,8,0;1;3;6;8;10;12;17,cold,union,1,4032100798,3791129053,6594466456,0.1863,95.262,359784,757,43954928,38946224,19940195748,ok
2026-10-06T06:32:46+02:00,yoann-Precision-5490,Intel(R) Core(TM) Ultra 7 165H,sklib@b65536,sklib-0.15.0,ocean_SRF:ocean_DCM,ocean_SRF,ocean_DCM,31,15,8,0;1;3;6;8;10;12;17,cold,union,1,4032100798,3791129053,6594466456,0.1863,91.438,229480,721,43958000,38949304,19940982180,ok
2026-10-06T06:34:27+02:00,yoann-Precision-5490,Intel(R) Core(TM) Ultra 7 165H,sklib@b262144,sklib-0.15.0,ocean_SRF:ocean_DCM,ocean_SRF,ocean_DCM,31,15,8,0;1;3;6;8;10;12;17,cold,union,1,4032100798,3791129053,6594466456,0.1863,94.244,226692,639,43970288,38961592,19944127908,ok
2026-10-06T06:35:52+02:00,yoann-Precision-5490,Intel(R) Core(TM) Ultra 7 165H,sklib@b262144,sklib-0.15.0,ocean_SRF:ocean_DCM,ocean_SRF,ocean_DCM,31,15,8,0;1;3;6;8;10;12;17,cold,union,2,4032100798,3791129053,6594466456,0.1863,82.952,205100,730,43970288,38961600,19944127908,ok
2026-10-06T06:37:20+02:00,yoann-Precision-5490,Intel(R) Core(TM) Ultra 7 165H,sklib@b65536,sklib-0.15.0,ocean_SRF:ocean_DCM,ocean_SRF,ocean_DCM,31,15,8,0;1;3;6;8;10;12;17,cold,union,2,4032100798,3791129053,6594466456,0.1863,86.421,207280,750,43958000,38949296,19940982180,ok
2026-10-06T06:38:58+02:00,yoann-Precision-5490,Intel(R) Core(TM) Ultra 7 165H,sklib@b16384,sklib-0.15.0,ocean_SRF:ocean_DCM,ocean_SRF,ocean_DCM,31,15,8,0;1;3;6;8;10;12;17,cold,union,2,4032100798,3791129053,6594466456,0.1863,97.005,378740,724,43954944,38946240,19940195748,ok
2026-10-06T06:40:52+02:00,yoann-Precision-5490,Intel(R) Core(TM) Ultra 7 165H,sklib,sklib-0.15.0,ocean_SRF:ocean_DCM,ocean_SRF,ocean_DCM,31,15,8,0;1;3;6;8;10;12;17,cold,union,2,4032100798,3791129053,6594466456,0.1863,113.377,1034896,754,43956856,38945472,19939999140,ok
2026-10-06T06:42:47+02:00,yoann-Precision-5490,Intel(R) Core(TM) Ultra 7 165H,sklib,sklib-0.15.0,ocean_SRF:ocean_DCM,ocean_SRF,ocean_DCM,31,15,8,0;1;3;6;8;10;12;17,cold,union,3,4032100798,3791129053,6594466456,0.1863,114.189,1073988,759,43954176,38945480,19939999140,ok
2026-10-06T06:44:23+02:00,yoann-Precision-5490,Intel(R) Core(TM) Ultra 7 165H,sklib@b16384,sklib-0.15.0,ocean_SRF:ocean_DCM,ocean_SRF,ocean_DCM,31,15,8,0;1;3;6;8;10;12;17,cold,union,3,4032100798,3791129053,6594466456,0.1863,96.192,367720,755,43954944,38946240,19940195748,ok
2026-10-06T06:45:52+02:00,yoann-Precision-5490,Intel(R) Core(TM) Ultra 7 165H,sklib@b65536,sklib-0.15.0,ocean_SRF:ocean_DCM,ocean_SRF,ocean_DCM,31,15,8,0;1;3;6;8;10;12;17,cold,union,3,4032100798,3791129053,6594466456,0.1863,87.317,189936,750,43958000,38949312,19940982180,ok
2026-10-06T06:47:18+02:00,yoann-Precision-5490,Intel(R) Core(TM) Ultra 7 165H,sklib@b262144,sklib-0.15.0,ocean_SRF:ocean_DCM,ocean_SRF,ocean_DCM,31,15,8,0;1;3;6;8;10;12;17,cold,union,3,4032100798,3791129053,6594466456,0.1863,85.170,231288,705,43970288,38961616,19944127908,ok
2026-10-06T06:50:22+02:00,yoann-Precision-5490,Intel(R) Core(TM) Ultra 7 165H,sklib,sklib-0.15.0,ocean_SRF:ocean_DCM,ocean_SRF,ocean_DCM,31,15,8,0;1;3;6;8;10;12;17,cold,joint,1,4032100798,3791129053,13188932912,0.1863,170.329,1714892,775,43955920,75904328,38862555732,ok
2026-10-06T06:52:53+02:00,yoann-Precision-5490,Intel(R) Core(TM) Ultra 7 165H,sklib@b16384,sklib-0.15.0,ocean_SRF:ocean_DCM,ocean_SRF,ocean_DCM,31,15,8,0;1;3;6;8;10;12;17,cold,joint,1,4032100798,3791129053,13188932912,0.1863,137.552,596796,770,43954992,75907352,38863342164,ok
2026-10-06T06:55:16+02:00,yoann-Precision-5490,Intel(R) Core(TM) Ultra 7 165H,sklib@b65536,sklib-0.15.0,ocean_SRF:ocean_DCM,ocean_SRF,ocean_DCM,31,15,8,0;1;3;6;8;10;12;17,cold,joint,1,4032100798,3791129053,13188932912,0.1863,130.456,344172,756,43958064,75919904,38866487892,ok
2026-10-06T06:57:36+02:00,yoann-Precision-5490,Intel(R) Core(TM) Ultra 7 165H,sklib@b262144,sklib-0.15.0,ocean_SRF:ocean_DCM,ocean_SRF,ocean_DCM,31,15,8,0;1;3;6;8;10;12;17,cold,joint,1,4032100798,3791129053,13188932912,0.1863,124.597,354096,724,43970352,75969056,38879070804,ok
2026-10-06T06:59:44+02:00,yoann-Precision-5490,Intel(R) Core(TM) Ultra 7 165H,sklib@b262144,sklib-0.15.0,ocean_SRF:ocean_DCM,ocean_SRF,ocean_DCM,31,15,8,0;1;3;6;8;10;12;17,cold,joint,2,4032100798,3791129053,13188932912,0.1863,125.944,326848,709,43970352,75969264,38879070804,ok
2026-10-06T07:01:44+02:00,yoann-Precision-5490,Intel(R) Core(TM) Ultra 7 165H,sklib@b65536,sklib-0.15.0,ocean_SRF:ocean_DCM,ocean_SRF,ocean_DCM,31,15,8,0;1;3;6;8;10;12;17,cold,joint,2,4032100798,3791129053,13188932912,0.1863,117.033,354160,753,43958064,75920752,38866487892,ok
2026-10-06T07:03:50+02:00,yoann-Precision-5490,Intel(R) Core(TM) Ultra 7 165H,sklib@b16384,sklib-0.15.0,ocean_SRF:ocean_DCM,ocean_SRF,ocean_DCM,31,15,8,0;1;3;6;8;10;12;17,cold,joint,2,4032100798,3791129053,13188932912,0.1863,124.211,606032,765,43954992,75908000,38863342164,ok
2026-10-06T07:06:20+02:00,yoann-Precision-5490,Intel(R) Core(TM) Ultra 7 165H,sklib,sklib-0.15.0,ocean_SRF:ocean_DCM,ocean_SRF,ocean_DCM,31,15,8,0;1;3;6;8;10;12;17,cold,joint,2,4032100798,3791129053,13188932912,0.1863,148.885,1688944,779,43954976,75904408,38862555732,ok
2026-10-06T07:08:49+02:00,yoann-Precision-5490,Intel(R) Core(TM) Ultra 7 165H,sklib,sklib-0.15.0,ocean_SRF:ocean_DCM,ocean_SRF,ocean_DCM,31,15,8,0;1;3;6;8;10;12;17,cold,joint,3,4032100798,3791129053,13188932912,0.1863,148.204,1773896,780,43954224,75904256,38862555732,ok
2026-10-06T07:10:52+02:00,yoann-Precision-5490,Intel(R) Core(TM) Ultra 7 165H,sklib@b16384,sklib-0.15.0,ocean_SRF:ocean_DCM,ocean_SRF,ocean_DCM,31,15,8,0;1;3;6;8;10;12;17,cold,joint,3,4032100798,3791129053,13188932912,0.1863,122.714,619852,762,43954992,75907360,38863342164,ok
2026-10-06T07:12:49+02:00,yoann-Precision-5490,Intel(R) Core(TM) Ultra 7 165H,sklib@b65536,sklib-0.15.0,ocean_SRF:ocean_DCM,ocean_SRF,ocean_DCM,31,15,8,0;1;3;6;8;10;12;17,cold,joint,3,4032100798,3791129053,13188932912,0.1863,116.158,351784,750,43958064,75920552,38866487892,ok
2026-10-06T07:14:43+02:00,yoann-Precision-5490,Intel(R) Core(TM) Ultra 7 165H,sklib@b262144,sklib-0.15.0,ocean_SRF:ocean_DCM,ocean_SRF,ocean_DCM,31,15,8,0;1;3;6;8;10;12;17,cold,joint,3,4032100798,3791129053,13188932912,0.1863,111.964,352660,711,43970352,75969696,38879070804,ok
2026-10-06T07:14:59+02:00,yoann-Precision-5490,Intel(R) Core(TM) Ultra 7 165H,sklib,sklib-0.15.0,ocean_SRF:ocean_DCM,ocean_SRF,ocean_DCM,31,15,8,0;1;3;6;8;10;12;17,cold,sizes,1,4032100798,3791129053,6594466456,0.1863,13.264,156000,733,43954160,8,0,ok
2026-10-06T07:15:13+02:00,yoann-Precision-5490,Intel(R) Core(TM) Ultra 7 165H,sklib@b16384,sklib-0.15.0,ocean_SRF:ocean_DCM,ocean_SRF,ocean_DCM,31,15,8,0;1;3;6;8;10;12;17,cold,sizes,1,4032100798,3791129053,6594466456,0.1863,13.558,56440,696,43954928,8,0,ok
2026-10-06T07:15:27+02:00,yoann-Precision-5490,Intel(R) Core(TM) Ultra 7 165H,sklib@b65536,sklib-0.15.0,ocean_SRF:ocean_DCM,ocean_SRF,ocean_DCM,31,15,8,0;1;3;6;8;10;12;17,cold,sizes,1,4032100798,3791129053,6594466456,0.1863,14.021,48564,660,43958000,8,0,ok
2026-10-06T07:15:43+02:00,yoann-Precision-5490,Intel(R) Core(TM) Ultra 7 165H,sklib@b262144,sklib-0.15.0,ocean_SRF:ocean_DCM,ocean_SRF,ocean_DCM,31,15,8,0;1;3;6;8;10;12;17,cold,sizes,1,4032100798,3791129053,6594466456,0.1863,16.141,82096,581,43970288,8,0,ok
2026-10-06T07:16:01+02:00,yoann-Precision-5490,Intel(R) Core(TM) Ultra 7 165H,sklib@b262144,sklib-0.15.0,ocean_SRF:ocean_DCM,ocean_SRF,ocean_DCM,31,15,8,0;1;3;6;8;10;12;17,cold,sizes,2,4032100798,3791129053,6594466456,0.1863,16.345,81384,587,43970288,8,0,ok
2026-10-06T07:16:16+02:00,yoann-Precision-5490,Intel(R) Core(TM) Ultra 7 165H,sklib@b65536,sklib-0.15.0,ocean_SRF:ocean_DCM,ocean_SRF,ocean_DCM,31,15,8,0;1;3;6;8;10;12;17,cold,sizes,2,4032100798,3791129053,6594466456,0.1863,14.971,48352,674,43958000,8,0,ok
2026-10-06T07:16:32+02:00,yoann-Precision-5490,Intel(R) Core(TM) Ultra 7 165H,sklib@b16384,sklib-0.15.0,ocean_SRF:ocean_DCM,ocean_SRF,ocean_DCM,31,15,8,0;1;3;6;8;10;12;17,cold,sizes,2,4032100798,3791129053,6594466456,0.1863,15.246,55940,709,43954928,8,0,ok
2026-10-06T07:16:48+02:00,yoann-Precision-5490,Intel(R) Core(TM) Ultra 7 165H,sklib,sklib-0.15.0,ocean_SRF:ocean_DCM,ocean_SRF,ocean_DCM,31,15,8,0;1;3;6;8;10;12;17,cold,sizes,2,4032100798,3791129053,6594466456,0.1863,16.390,152208,713,43954160,8,0,ok
2026-10-06T07:17:05+02:00,yoann-Precision-5490,Intel(R) Core(TM) Ultra 7 165H,sklib,sklib-0.15.0,ocean_SRF:ocean_DCM,ocean_SRF,ocean_DCM,31,15,8,0;1;3;6;8;10;12;17,cold,sizes,3,4032100798,3791129053,6594466456,0.1863,16.521,157980,724,43954160,8,0,ok
2026-10-06T07:17:22+02:00,yoann-Precision-5490,Intel(R) Core(TM) Ultra 7 165H,sklib@b16384,sklib-0.15.0,ocean_SRF:ocean_DCM,ocean_SRF,ocean_DCM,31,15,8,0;1;3;6;8;10;12;17,cold,sizes,3,4032100798,3791129053,6594466456,0.1863,16.179,53824,712,43954928,8,0,ok
2026-10-06T07:17:39+02:00,yoann-Precision-5490,Intel(R) Core(TM) Ultra 7 165H,sklib@b65536,sklib-0.15.0,ocean_SRF:ocean_DCM,ocean_SRF,ocean_DCM,31,15,8,0;1;3;6;8;10;12;17,cold,sizes,3,4032100798,3791129053,6594466456,0.1863,16.497,48488,686,43958000,8,0,ok
2026-10-06T07:17:57+02:00,yoann-Precision-5490,Intel(R) Core(TM) Ultra 7 165H,sklib@b262144,sklib-0.15.0,ocean_SRF:ocean_DCM,ocean_SRF,ocean_DCM,31,15,8,0;1;3;6;8;10;12;17,cold,sizes,3,4032100798,3791129053,6594466456,0.1863,17.788,79196,614,43970288,8,0,ok
2026-10-06T18:41:40+02:00,yoann-Precision-5490,Intel(R) Core(TM) Ultra 7 165H,sklib,sklib-0.15.0,hg002_A:hg002_B,hg002_A,hg002_B,31,15,8,0;1;3;6;8;10;12;17,cold,union,1,3020982541,3093906732,3774280759,0.6201,55.391,872212,765,34454352,21854936,11189645946,ok
2026-10-06T18:42:34+02:00,yoann-Precision-5490,Intel(R) Core(TM) Ultra 7 165H,sklib@b16384,sklib-0.15.0,hg002_A:hg002_B,hg002_A,hg002_B,31,15,8,0;1;3;6;8;10;12;17,cold,union,1,3020982541,3093906732,3774280759,0.6201,50.672,563268,683,34450592,21855696,11189842554,ok
2026-10-06T18:43:34+02:00,yoann-Precision-5490,Intel(R) Core(TM) Ultra 7 165H,sklib@b65536,sklib-0.15.0,hg002_A:hg002_B,hg002_A,hg002_B,31,15,8,0;1;3;6;8;10;12;17,cold,union,1,3020982541,3093906732,3774280759,0.6201,56.385,497420,577,34453664,21858776,11190628986,ok
2026-10-06T18:44:35+02:00,yoann-Precision-5490,Intel(R) Core(TM) Ultra 7 165H,sklib@b262144,sklib-0.15.0,hg002_A:hg002_B,hg002_A,hg002_B,31,15,8,0;1;3;6;8;10;12;17,cold,union,1,3020982541,3093906732,3774280759,0.6201,56.770,503508,545,34465952,21871056,11193774714,ok
2026-10-06T18:45:37+02:00,yoann-Precision-5490,Intel(R) Core(TM) Ultra 7 165H,sklib@b262144,sklib-0.15.0,hg002_A:hg002_B,hg002_A,hg002_B,31,15,8,0;1;3;6;8;10;12;17,cold,union,2,3020982541,3093906732,3774280759,0.6201,61.289,483816,491,34465952,21871064,11193774714,ok
2026-10-06T18:46:46+02:00,yoann-Precision-5490,Intel(R) Core(TM) Ultra 7 165H,sklib@b65536,sklib-0.15.0,hg002_A:hg002_B,hg002_A,hg002_B,31,15,8,0;1;3;6;8;10;12;17,cold,union,2,3020982541,3093906732,3774280759,0.6201,67.317,441384,449,34453664,21858784,11190628986,ok
2026-10-06T18:47:35+02:00,yoann-Precision-5490,Intel(R) Core(TM) Ultra 7 165H,sklib@b16384,sklib-0.15.0,hg002_A:hg002_B,hg002_A,hg002_B,31,15,8,0;1;3;6;8;10;12;17,cold,union,2,3020982541,3093906732,3774280759,0.6201,48.744,586628,689,34450592,21855696,11189842554,ok
2026-10-06T18:48:31+02:00,yoann-Precision-5490,Intel(R) Core(TM) Ultra 7 165H,sklib,sklib-0.15.0,hg002_A:hg002_B,hg002_A,hg002_B,31,15,8,0;1;3;6;8;10;12;17,cold,union,2,3020982541,3093906732,3774280759,0.6201,54.994,900512,737,34455800,21854936,11189645946,ok
2026-10-06T18:49:25+02:00,yoann-Precision-5490,Intel(R) Core(TM) Ultra 7 165H,sklib,sklib-0.15.0,hg002_A:hg002_B,hg002_A,hg002_B,31,15,8,0;1;3;6;8;10;12;17,cold,union,3,3020982541,3093906732,3774280759,0.6201,54.390,901464,755,34449840,21854928,11189645946,ok
2026-10-06T18:50:15+02:00,yoann-Precision-5490,Intel(R) Core(TM) Ultra 7 165H,sklib@b16384,sklib-0.15.0,hg002_A:hg002_B,hg002_A,hg002_B,31,15,8,0;1;3;6;8;10;12;17,cold,union,3,3020982541,3093906732,3774280759,0.6201,48.765,534344,696,34450592,21855696,11189842554,ok
2026-10-06T18:51:05+02:00,yoann-Precision-5490,Intel(R) Core(TM) Ultra 7 165H,sklib@b65536,sklib-0.15.0,hg002_A:hg002_B,hg002_A,hg002_B,31,15,8,0;1;3;6;8;10;12;17,cold,union,3,3020982541,3093906732,3774280759,0.6201,50.113,469108,614,34453664,21858776,11190628986,ok
2026-10-06T18:53:11+02:00,yoann-Precision-5490,Intel(R) Core(TM) Ultra 7 165H,sklib@b262144,sklib-0.15.0,hg002_A:hg002_B,hg002_A,hg002_B,31,15,8,0;1;3;6;8;10;12;17,cold,union,3,3020982541,3093906732,3774280759,0.6201,124.655,495224,232,34465952,21871080,11193774714,ok
2026-10-06T18:54:36+02:00,yoann-Precision-5490,Intel(R) Core(TM) Ultra 7 165H,sklib,sklib-0.15.0,hg002_A:hg002_B,hg002_A,hg002_B,31,15,8,0;1;3;6;8;10;12;17,cold,joint,1,3020982541,3093906732,7548561518,0.6201,78.196,1534920,764,34449888,42877640,21953019834,ok
2026-10-06T18:55:57+02:00,yoann-Precision-5490,Intel(R) Core(TM) Ultra 7 165H,sklib@b16384,sklib-0.15.0,hg002_A:hg002_B,hg002_A,hg002_B,31,15,8,0;1;3;6;8;10;12;17,cold,joint,1,3020982541,3093906732,7548561518,0.6201,74.387,929028,699,34450592,42880736,21953806266,ok
2026-10-06T18:57:20+02:00,yoann-Precision-5490,Intel(R) Core(TM) Ultra 7 165H,sklib@b65536,sklib-0.15.0,hg002_A:hg002_B,hg002_A,hg002_B,31,15,8,0;1;3;6;8;10;12;17,cold,joint,1,3020982541,3093906732,7548561518,0.6201,75.754,825084,632,34453664,42892984,21956951994,ok
2026-10-06T18:59:21+02:00,yoann-Precision-5490,Intel(R) Core(TM) Ultra 7 165H,sklib@b262144,sklib-0.15.0,hg002_A:hg002_B,hg002_A,hg002_B,31,15,8,0;1;3;6;8;10;12;17,cold,joint,1,3020982541,3093906732,7548561518,0.6201,113.556,750028,389,34465952,42942168,21969534906,ok
2026-10-06T19:00:44+02:00,yoann-Precision-5490,Intel(R) Core(TM) Ultra 7 165H,sklib@b262144,sklib-0.15.0,hg002_A:hg002_B,hg002_A,hg002_B,31,15,8,0;1;3;6;8;10;12;17,cold,joint,2,3020982541,3093906732,7548561518,0.6201,81.009,823000,541,34465952,42942184,21969534906,ok
2026-10-06T19:02:30+02:00,yoann-Precision-5490,Intel(R) Core(TM) Ultra 7 165H,sklib@b65536,sklib-0.15.0,hg002_A:hg002_B,hg002_A,hg002_B,31,15,8,0;1;3;6;8;10;12;17,cold,joint,2,3020982541,3093906732,7548561518,0.6201,103.810,758156,448,34453664,42893024,21956951994,ok
2026-10-06T19:03:44+02:00,yoann-Precision-5490,Intel(R) Core(TM) Ultra 7 165H,sklib@b16384,sklib-0.15.0,hg002_A:hg002_B,hg002_A,hg002_B,31,15,8,0;1;3;6;8;10;12;17,cold,joint,2,3020982541,3093906732,7548561518,0.6201,72.693,935760,694,34450656,42880696,21953806266,ok
2026-10-06T19:05:06+02:00,yoann-Precision-5490,Intel(R) Core(TM) Ultra 7 165H,sklib,sklib-0.15.0,hg002_A:hg002_B,hg002_A,hg002_B,31,15,8,0;1;3;6;8;10;12;17,cold,joint,2,3020982541,3093906732,7548561518,0.6201,81.045,1635868,767,34449888,42877640,21953019834,ok
2026-10-06T19:06:27+02:00,yoann-Precision-5490,Intel(R) Core(TM) Ultra 7 165H,sklib,sklib-0.15.0,hg002_A:hg002_B,hg002_A,hg002_B,31,15,8,0;1;3;6;8;10;12;17,cold,joint,3,3020982541,3093906732,7548561518,0.6201,80.561,1594308,770,34449888,42877672,21953019834,ok
2026-10-06T19:07:41+02:00,yoann-Precision-5490,Intel(R) Core(TM) Ultra 7 165H,sklib@b16384,sklib-0.15.0,hg002_A:hg002_B,hg002_A,hg002_B,31,15,8,0;1;3;6;8;10;12;17,cold,joint,3,3020982541,3093906732,7548561518,0.6201,73.536,917912,711,34450656,42880696,21953806266,ok
2026-10-06T19:08:58+02:00,yoann-Precision-5490,Intel(R) Core(TM) Ultra 7 165H,sklib@b65536,sklib-0.15.0,hg002_A:hg002_B,hg002_A,hg002_B,31,15,8,0;1;3;6;8;10;12;17,cold,joint,3,3020982541,3093906732,7548561518,0.6201,75.951,844664,629,34453664,42893000,21956951994,ok
2026-10-06T19:10:51+02:00,yoann-Precision-5490,Intel(R) Core(TM) Ultra 7 165H,sklib@b262144,sklib-0.15.0,hg002_A:hg002_B,hg002_A,hg002_B,31,15,8,0;1;3;6;8;10;12;17,cold,joint,3,3020982541,3093906732,7548561518,0.6201,111.687,815556,389,34465952,42942152,21969534906,ok
2026-10-06T19:11:00+02:00,yoann-Precision-5490,Intel(R) Core(TM) Ultra 7 165H,sklib,sklib-0.15.0,hg002_A:hg002_B,hg002_A,hg002_B,31,15,8,0;1;3;6;8;10;12;17,cold,sizes,1,3020982541,3093906732,3774280759,0.6201,7.404,167036,692,34449824,8,0,ok
2026-10-06T19:11:08+02:00,yoann-Precision-5490,Intel(R) Core(TM) Ultra 7 165H,sklib@b16384,sklib-0.15.0,hg002_A:hg002_B,hg002_A,hg002_B,31,15,8,0;1;3;6;8;10;12;17,cold,sizes,1,3020982541,3093906732,3774280759,0.6201,7.425,108960,635,34450592,8,0,ok
2026-10-06T19:11:17+02:00,yoann-Precision-5490,Intel(R) Core(TM) Ultra 7 165H,sklib@b65536,sklib-0.15.0,hg002_A:hg002_B,hg002_A,hg002_B,31,15,8,0;1;3;6;8;10;12;17,cold,sizes,1,3020982541,3093906732,3774280759,0.6201,8.367,103456,552,34453664,8,0,ok
2026-10-06T19:11:28+02:00,yoann-Precision-5490,Intel(R) Core(TM) Ultra 7 165H,sklib@b262144,sklib-0.15.0,hg002_A:hg002_B,hg002_A,hg002_B,31,15,8,0;1;3;6;8;10;12;17,cold,sizes,1,3020982541,3093906732,3774280759,0.6201,11.306,148416,406,34465952,8,0,ok
2026-10-06T19:11:40+02:00,yoann-Precision-5490,Intel(R) Core(TM) Ultra 7 165H,sklib@b262144,sklib-0.15.0,hg002_A:hg002_B,hg002_A,hg002_B,31,15,8,0;1;3;6;8;10;12;17,cold,sizes,2,3020982541,3093906732,3774280759,0.6201,11.265,155064,405,34465952,8,0,ok
2026-10-06T19:11:49+02:00,yoann-Precision-5490,Intel(R) Core(TM) Ultra 7 165H,sklib@b65536,sklib-0.15.0,hg002_A:hg002_B,hg002_A,hg002_B,31,15,8,0;1;3;6;8;10;12;17,cold,sizes,2,3020982541,3093906732,3774280759,0.6201,8.294,101624,551,34453664,8,0,ok
2026-10-06T19:11:57+02:00,yoann-Precision-5490,Intel(R) Core(TM) Ultra 7 165H,sklib@b16384,sklib-0.15.0,hg002_A:hg002_B,hg002_A,hg002_B,31,15,8,0;1;3;6;8;10;12;17,cold,sizes,2,3020982541,3093906732,3774280759,0.6201,7.547,95712,635,34450592,8,0,ok
2026-10-06T19:12:05+02:00,yoann-Precision-5490,Intel(R) Core(TM) Ultra 7 165H,sklib,sklib-0.15.0,hg002_A:hg002_B,hg002_A,hg002_B,31,15,8,0;1;3;6;8;10;12;17,cold,sizes,2,3020982541,3093906732,3774280759,0.6201,7.755,170016,699,34449824,8,0,ok
2026-10-06T19:12:13+02:00,yoann-Precision-5490,Intel(R) Core(TM) Ultra 7 165H,sklib,sklib-0.15.0,hg002_A:hg002_B,hg002_A,hg002_B,31,15,8,0;1;3;6;8;10;12;17,cold,sizes,3,3020982541,3093906732,3774280759,0.6201,7.638,166116,696,34449824,8,0,ok
2026-10-06T19:12:21+02:00,yoann-Precision-5490,Intel(R) Core(TM) Ultra 7 165H,sklib@b16384,sklib-0.15.0,hg002_A:hg002_B,hg002_A,hg002_B,31,15,8,0;1;3;6;8;10;12;17,cold,sizes,3,3020982541,3093906732,3774280759,0.6201,7.591,111836,638,34450592,8,0,ok
2026-10-06T19:12:30+02:00,yoann-Precision-5490,Intel(R) Core(TM) Ultra 7 165H,sklib@b65536,sklib-0.15.0,hg002_A:hg002_B,hg002_A,hg002_B,31,15,8,0;1;3;6;8;10;12;17,cold,sizes,3,3020982541,3093906732,3774280759,0.6201,8.487,116064,558,34453664,8,0,ok
2026-10-06T19:12:41+02:00,yoann-Precision-5490,Intel(R) Core(TM) Ultra 7 165H,sklib@b262144,sklib-0.15.0,hg002_A:hg002_B,hg002_A,hg002_B,31,15,8,0;1;3;6;8;10;12;17,cold,sizes,3,3020982541,3093906732,3774280759,0.6201,11.337,158344,412,34465952,8,0,ok
2026-10-06T19:38:30+02:00,yoann-Precision-5490,Intel(R) Core(TM) Ultra 7 165H,sklib@b1024,sklib-0.15.0,gut_A:gut_B,gut_A,gut_B,31,15,8,0;1;3;6;8;10;12;17,cold,union,1,621722235,693866978,947145349,0.3890,14.629,525364,700,6409944,4790288,2452622946,ok
2026-10-06T19:38:44+02:00,yoann-Precision-5490,Intel(R) Core(TM) Ultra 7 165H,sklib,sklib-0.15.0,gut_A:gut_B,gut_A,gut_B,31,15,8,0;1;3;6;8;10;12;17,cold,union,1,621722235,693866978,947145349,0.3890,13.925,150396,581,6410152,4790384,2452672098,ok
2026-10-06T19:38:56+02:00,yoann-Precision-5490,Intel(R) Core(TM) Ultra 7 165H,sklib@b16384,sklib-0.15.0,gut_A:gut_B,gut_A,gut_B,31,15,8,0;1;3;6;8;10;12;17,cold,union,1,621722235,693866978,947145349,0.3890,10.509,48236,746,6410904,4791288,2452868706,ok
2026-10-06T19:39:07+02:00,yoann-Precision-5490,Intel(R) Core(TM) Ultra 7 165H,sklib@b65536,sklib-0.15.0,gut_A:gut_B,gut_A,gut_B,31,15,8,0;1;3;6;8;10;12;17,cold,union,1,621722235,693866978,947145349,0.3890,10.231,31200,731,6413976,4792304,2453655138,ok
2026-10-06T19:39:19+02:00,yoann-Precision-5490,Intel(R) Core(TM) Ultra 7 165H,sklib@b262144,sklib-0.15.0,gut_A:gut_B,gut_A,gut_B,31,15,8,0;1;3;6;8;10;12;17,cold,union,1,621722235,693866978,947145349,0.3890,11.214,68196,678,6426264,4798448,2456800866,ok
2026-10-06T19:39:30+02:00,yoann-Precision-5490,Intel(R) Core(TM) Ultra 7 165H,sklib@b262144,sklib-0.15.0,gut_A:gut_B,gut_A,gut_B,31,15,8,0;1;3;6;8;10;12;17,cold,union,2,621722235,693866978,947145349,0.3890,10.740,69272,692,6426264,4806648,2456800866,ok
2026-10-06T19:39:41+02:00,yoann-Precision-5490,Intel(R) Core(TM) Ultra 7 165H,sklib@b65536,sklib-0.15.0,gut_A:gut_B,gut_A,gut_B,31,15,8,0;1;3;6;8;10;12;17,cold,union,2,621722235,693866978,947145349,0.3890,10.208,30580,725,6413976,4792304,2453655138,ok
2026-10-06T19:39:52+02:00,yoann-Precision-5490,Intel(R) Core(TM) Ultra 7 165H,sklib@b16384,sklib-0.15.0,gut_A:gut_B,gut_A,gut_B,31,15,8,0;1;3;6;8;10;12;17,cold,union,2,621722235,693866978,947145349,0.3890,10.235,47928,740,6410904,4790768,2452868706,ok
2026-10-06T19:40:04+02:00,yoann-Precision-5490,Intel(R) Core(TM) Ultra 7 165H,sklib,sklib-0.15.0,gut_A:gut_B,gut_A,gut_B,31,15,8,0;1;3;6;8;10;12;17,cold,union,2,621722235,693866978,947145349,0.3890,11.805,147388,676,6410136,4790520,2452672098,ok
2026-10-06T19:40:18+02:00,yoann-Precision-5490,Intel(R) Core(TM) Ultra 7 165H,sklib@b1024,sklib-0.15.0,gut_A:gut_B,gut_A,gut_B,31,15,8,0;1;3;6;8;10;12;17,cold,union,2,621722235,693866978,947145349,0.3890,13.861,556500,731,6409944,4790288,2452622946,ok
2026-10-06T19:40:32+02:00,yoann-Precision-5490,Intel(R) Core(TM) Ultra 7 165H,sklib@b1024,sklib-0.15.0,gut_A:gut_B,gut_A,gut_B,31,15,8,0;1;3;6;8;10;12;17,cold,union,3,621722235,693866978,947145349,0.3890,13.756,538804,732,6409944,4790288,2452622946,ok
2026-10-06T19:40:44+02:00,yoann-Precision-5490,Intel(R) Core(TM) Ultra 7 165H,sklib,sklib-0.15.0,gut_A:gut_B,gut_A,gut_B,31,15,8,0;1;3;6;8;10;12;17,cold,union,3,621722235,693866978,947145349,0.3890,12.255,143760,651,6410136,4790520,2452672098,ok
2026-10-06T19:40:55+02:00,yoann-Precision-5490,Intel(R) Core(TM) Ultra 7 165H,sklib@b16384,sklib-0.15.0,gut_A:gut_B,gut_A,gut_B,31,15,8,0;1;3;6;8;10;12;17,cold,union,3,621722235,693866978,947145349,0.3890,10.427,48680,745,6410904,4790768,2452868706,ok
2026-10-06T19:41:05+02:00,yoann-Precision-5490,Intel(R) Core(TM) Ultra 7 165H,sklib@b65536,sklib-0.15.0,gut_A:gut_B,gut_A,gut_B,31,15,8,0;1;3;6;8;10;12;17,cold,union,3,621722235,693866978,947145349,0.3890,10.136,30644,737,6413976,4792304,2453655138,ok
2026-10-06T19:41:16+02:00,yoann-Precision-5490,Intel(R) Core(TM) Ultra 7 165H,sklib@b262144,sklib-0.15.0,gut_A:gut_B,gut_A,gut_B,31,15,8,0;1;3;6;8;10;12;17,cold,union,3,621722235,693866978,947145349,0.3890,10.753,68988,694,6426264,4806648,2456800866,ok
2026-10-06T19:41:37+02:00,yoann-Precision-5490,Intel(R) Core(TM) Ultra 7 165H,sklib@b1024,sklib-0.15.0,gut_A:gut_B,gut_A,gut_B,31,15,8,0;1;3;6;8;10;12;17,cold,joint,1,621722235,693866978,1894290698,0.3890,18.872,853992,748,6409944,9571280,4900481466,ok
2026-10-06T19:41:57+02:00,yoann-Precision-5490,Intel(R) Core(TM) Ultra 7 165H,sklib,sklib-0.15.0,gut_A:gut_B,gut_A,gut_B,31,15,8,0;1;3;6;8;10;12;17,cold,joint,1,621722235,693866978,1894290698,0.3890,18.607,237680,642,6410136,9572208,4900678074,ok
2026-10-06T19:42:14+02:00,yoann-Precision-5490,Intel(R) Core(TM) Ultra 7 165H,sklib@b16384,sklib-0.15.0,gut_A:gut_B,gut_A,gut_B,31,15,8,0;1;3;6;8;10;12;17,cold,joint,1,621722235,693866978,1894290698,0.3890,15.421,72152,755,6410904,9573200,4901464506,ok
2026-10-06T19:42:32+02:00,yoann-Precision-5490,Intel(R) Core(TM) Ultra 7 165H,sklib@b65536,sklib-0.15.0,gut_A:gut_B,gut_A,gut_B,31,15,8,0;1;3;6;8;10;12;17,cold,joint,1,621722235,693866978,1894290698,0.3890,15.147,40300,731,6413976,9587568,4904610234,ok
2026-10-06T19:42:51+02:00,yoann-Precision-5490,Intel(R) Core(TM) Ultra 7 165H,sklib@b262144,sklib-0.15.0,gut_A:gut_B,gut_A,gut_B,31,15,8,0;1;3;6;8;10;12;17,cold,joint,1,621722235,693866978,1894290698,0.3890,16.611,86248,705,6426264,9603920,4917193146,ok
2026-10-06T19:43:07+02:00,yoann-Precision-5490,Intel(R) Core(TM) Ultra 7 165H,sklib@b262144,sklib-0.15.0,gut_A:gut_B,gut_A,gut_B,31,15,8,0;1;3;6;8;10;12;17,cold,joint,2,621722235,693866978,1894290698,0.3890,16.094,86624,698,6426264,9636720,4917193146,ok
2026-10-06T19:43:23+02:00,yoann-Precision-5490,Intel(R) Core(TM) Ultra 7 165H,sklib@b65536,sklib-0.15.0,gut_A:gut_B,gut_A,gut_B,31,15,8,0;1;3;6;8;10;12;17,cold,joint,2,621722235,693866978,1894290698,0.3890,14.738,40840,746,6413976,9579344,4904610234,ok
2026-10-06T19:43:39+02:00,yoann-Precision-5490,Intel(R) Core(TM) Ultra 7 165H,sklib@b16384,sklib-0.15.0,gut_A:gut_B,gut_A,gut_B,31,15,8,0;1;3;6;8;10;12;17,cold,joint,2,621722235,693866978,1894290698,0.3890,14.959,73936,759,6410904,9574240,4901464506,ok
2026-10-06T19:43:58+02:00,yoann-Precision-5490,Intel(R) Core(TM) Ultra 7 165H,sklib,sklib-0.15.0,gut_A:gut_B,gut_A,gut_B,31,15,8,0;1;3;6;8;10;12;17,cold,joint,2,621722235,693866978,1894290698,0.3890,18.565,238688,627,6410136,9571664,4900678074,ok
2026-10-06T19:44:18+02:00,yoann-Precision-5490,Intel(R) Core(TM) Ultra 7 165H,sklib@b1024,sklib-0.15.0,gut_A:gut_B,gut_A,gut_B,31,15,8,0;1;3;6;8;10;12;17,cold,joint,2,621722235,693866978,1894290698,0.3890,19.786,883244,704,6409944,9571440,4900481466,ok
2026-10-06T19:44:38+02:00,yoann-Precision-5490,Intel(R) Core(TM) Ultra 7 165H,sklib@b1024,sklib-0.15.0,gut_A:gut_B,gut_A,gut_B,31,15,8,0;1;3;6;8;10;12;17,cold,joint,3,621722235,693866978,1894290698,0.3890,19.850,893312,703,6409944,9571280,4900481466,ok
2026-10-06T19:44:57+02:00,yoann-Precision-5490,Intel(R) Core(TM) Ultra 7 165H,sklib,sklib-0.15.0,gut_A:gut_B,gut_A,gut_B,31,15,8,0;1;3;6;8;10;12;17,cold,joint,3,621722235,693866978,1894290698,0.3890,18.839,243232,631,6410136,9572208,4900678074,ok
2026-10-06T19:45:13+02:00,yoann-Precision-5490,Intel(R) Core(TM) Ultra 7 165H,sklib@b16384,sklib-0.15.0,gut_A:gut_B,gut_A,gut_B,31,15,8,0;1;3;6;8;10;12;17,cold,joint,3,621722235,693866978,1894290698,0.3890,15.379,72732,759,6410904,9573200,4901464506,ok
2026-10-06T19:45:29+02:00,yoann-Precision-5490,Intel(R) Core(TM) Ultra 7 165H,sklib@b65536,sklib-0.15.0,gut_A:gut_B,gut_A,gut_B,31,15,8,0;1;3;6;8;10;12;17,cold,joint,3,621722235,693866978,1894290698,0.3890,15.377,41012,720,6413976,9581400,4904610234,ok
2026-10-06T19:45:46+02:00,yoann-Precision-5490,Intel(R) Core(TM) Ultra 7 165H,sklib@b262144,sklib-0.15.0,gut_A:gut_B,gut_A,gut_B,31,15,8,0;1;3;6;8;10;12;17,cold,joint,3,621722235,693866978,1894290698,0.3890,16.168,87836,693,6426264,9603920,4917193146,ok
2026-10-06T19:45:48+02:00,yoann-Precision-5490,Intel(R) Core(TM) Ultra 7 165H,sklib@b1024,sklib-0.15.0,gut_A:gut_B,gut_A,gut_B,31,15,8,0;1;3;6;8;10;12;17,cold,sizes,1,621722235,693866978,947145349,0.3890,1.901,66956,690,6409944,8,0,ok
2026-10-06T19:45:50+02:00,yoann-Precision-5490,Intel(R) Core(TM) Ultra 7 165H,sklib,sklib-0.15.0,gut_A:gut_B,gut_A,gut_B,31,15,8,0;1;3;6;8;10;12;17,cold,sizes,1,621722235,693866978,947145349,0.3890,1.834,23276,655,6410136,8,0,ok
2026-10-06T19:45:53+02:00,yoann-Precision-5490,Intel(R) Core(TM) Ultra 7 165H,sklib@b16384,sklib-0.15.0,gut_A:gut_B,gut_A,gut_B,31,15,8,0;1;3;6;8;10;12;17,cold,sizes,1,621722235,693866978,947145349,0.3890,2.038,14180,580,6410904,8,0,ok
2026-10-06T19:45:55+02:00,yoann-Precision-5490,Intel(R) Core(TM) Ultra 7 165H,sklib@b65536,sklib-0.15.0,gut_A:gut_B,gut_A,gut_B,31,15,8,0;1;3;6;8;10;12;17,cold,sizes,1,621722235,693866978,947145349,0.3890,2.448,19560,488,6413976,8,0,ok
2026-10-06T19:45:58+02:00,yoann-Precision-5490,Intel(R) Core(TM) Ultra 7 165H,sklib@b262144,sklib-0.15.0,gut_A:gut_B,gut_A,gut_B,31,15,8,0;1;3;6;8;10;12;17,cold,sizes,1,621722235,693866978,947145349,0.3890,3.123,62260,392,6426264,8,0,ok
2026-10-06T19:46:02+02:00,yoann-Precision-5490,Intel(R) Core(TM) Ultra 7 165H,sklib@b262144,sklib-0.15.0,gut_A:gut_B,gut_A,gut_B,31,15,8,0;1;3;6;8;10;12;17,cold,sizes,2,621722235,693866978,947145349,0.3890,3.121,62048,390,6426264,8,0,ok
2026-10-06T19:46:04+02:00,yoann-Precision-5490,Intel(R) Core(TM) Ultra 7 165H,sklib@b65536,sklib-0.15.0,gut_A:gut_B,gut_A,gut_B,31,15,8,0;1;3;6;8;10;12;17,cold,sizes,2,621722235,693866978,947145349,0.3890,2.433,19904,483,6413976,8,0,ok
2026-10-06T19:46:07+02:00,yoann-Precision-5490,Intel(R) Core(TM) Ultra 7 165H,sklib@b16384,sklib-0.15.0,gut_A:gut_B,gut_A,gut_B,31,15,8,0;1;3;6;8;10;12;17,cold,sizes,2,621722235,693866978,947145349,0.3890,2.061,14248,574,6410904,8,0,ok
2026-10-06T19:46:09+02:00,yoann-Precision-5490,Intel(R) Core(TM) Ultra 7 165H,sklib,sklib-0.15.0,gut_A:gut_B,gut_A,gut_B,31,15,8,0;1;3;6;8;10;12;17,cold,sizes,2,621722235,693866978,947145349,0.3890,1.862,23504,660,6410136,8,0,ok
2026-10-06T19:46:11+02:00,yoann-Precision-5490,Intel(R) Core(TM) Ultra 7 165H,sklib@b1024,sklib-0.15.0,gut_A:gut_B,gut_A,gut_B,31,15,8,0;1;3;6;8;10;12;17,cold,sizes,2,621722235,693866978,947145349,0.3890,1.897,67652,689,6409944,8,0,ok
2026-10-06T19:46:13+02:00,yoann-Precision-5490,Intel(R) Core(TM) Ultra 7 165H,sklib@b1024,sklib-0.15.0,gut_A:gut_B,gut_A,gut_B,31,15,8,0;1;3;6;8;10;12;17,cold,sizes,3,621722235,693866978,947145349,0.3890,1.899,67124,689,6409944,8,0,ok
2026-10-06T19:46:15+02:00,yoann-Precision-5490,Intel(R) Core(TM) Ultra 7 165H,sklib,sklib-0.15.0,gut_A:gut_B,gut_A,gut_B,31,15,8,0;1;3;6;8;10;12;17,cold,sizes,3,621722235,693866978,947145349,0.3890,1.857,23584,656,6410136,8,0,ok
2026-10-06T19:46:17+02:00,yoann-Precision-5490,Intel(R) Core(TM) Ultra 7 165H,sklib@b16384,sklib-0.15.0,gut_A:gut_B,gut_A,gut_B,31,15,8,0;1;3;6;8;10;12;17,cold,sizes,3,621722235,693866978,947145349,0.3890,2.050,14124,589,6410904,8,0,ok
2026-10-06T19:46:20+02:00,yoann-Precision-5490,Intel(R) Core(TM) Ultra 7 165H,sklib@b65536,sklib-0.15.0,gut_A:gut_B,gut_A,gut_B,31,15,8,0;1;3;6;8;10;12;17,cold,sizes,3,621722235,693866978,947145349,0.3890,2.464,19684,490,6413976,8,0,ok
2026-10-06T19:46:23+02:00,yoann-Precision-5490,Intel(R) Core(TM) Ultra 7 165H,sklib@b262144,sklib-0.15.0,gut_A:gut_B,gut_A,gut_B,31,15,8,0;1;3;6;8;10;12;17,cold,sizes,3,621722235,693866978,947145349,0.3890,3.130,62436,391,6426264,8,0,ok
2026-10-06T20:12:41+02:00,yoann-Precision-5490,Intel(R) Core(TM) Ultra 7 165H,sklib,sklib-0.15.0,ocean_SRF:ocean_DCM,ocean_SRF,ocean_DCM,63,31,8,0;1;3;6;8;10;12;17,cold,union,1,3383945573,3159634195,5699356837,0.1481,97.534,1157008,774,34656512,30192320,15458380132,ok
2026-10-06T20:14:05+02:00,yoann-Precision-5490,Intel(R) Core(TM) Ultra 7 165H,sklib@b16384,sklib-0.15.0,ocean_SRF:ocean_DCM,ocean_SRF,ocean_DCM,63,31,8,0;1;3;6;8;10;12;17,cold,union,1,3383945573,3159634195,5699356837,0.1481,79.556,503092,737,34500536,30193064,15458576740,ok
2026-10-06T20:15:19+02:00,yoann-Precision-5490,Intel(R) Core(TM) Ultra 7 165H,sklib@b65536,sklib-0.15.0,ocean_SRF:ocean_DCM,ocean_SRF,ocean_DCM,63,31,8,0;1;3;6;8;10;12;17,cold,union,1,3383945573,3159634195,5699356837,0.1481,70.373,327632,749,34503608,30196152,15459363172,ok
2026-10-06T20:16:30+02:00,yoann-Precision-5490,Intel(R) Core(TM) Ultra 7 165H,sklib@b262144,sklib-0.15.0,ocean_SRF:ocean_DCM,ocean_SRF,ocean_DCM,63,31,8,0;1;3;6;8;10;12;17,cold,union,1,3383945573,3159634195,5699356837,0.1481,65.970,305560,730,34515896,30208424,15462508934,MISMATCH:u=5699356843
2026-10-06T20:24:56+02:00,yoann-Precision-5490,Intel(R) Core(TM) Ultra 7 165H,sklib@b262144,sklib-0.15.0,ocean_SRF:ocean_DCM,ocean_SRF,ocean_DCM,63,31,8,0;1;3;6;8;10;12;17,cold,union,2,3383945573,3159634195,5699356837,0.1481,90.845,323456,495,34515896,30208432,15462508934,MISMATCH:u=5699356843
2026-10-06T20:26:04+02:00,yoann-Precision-5490,Intel(R) Core(TM) Ultra 7 165H,sklib@b65536,sklib-0.15.0,ocean_SRF:ocean_DCM,ocean_SRF,ocean_DCM,63,31,8,0;1;3;6;8;10;12;17,cold,union,2,3383945573,3159634195,5699356837,0.1481,67.092,324736,755,34503608,30196144,15459363172,ok
2026-10-06T20:27:22+02:00,yoann-Precision-5490,Intel(R) Core(TM) Ultra 7 165H,sklib@b16384,sklib-0.15.0,ocean_SRF:ocean_DCM,ocean_SRF,ocean_DCM,63,31,8,0;1;3;6;8;10;12;17,cold,union,2,3383945573,3159634195,5699356837,0.1481,77.140,498568,761,34500552,30193080,15458576740,ok
2026-10-06T20:29:00+02:00,yoann-Precision-5490,Intel(R) Core(TM) Ultra 7 165H,sklib,sklib-0.15.0,ocean_SRF:ocean_DCM,ocean_SRF,ocean_DCM,63,31,8,0;1;3;6;8;10;12;17,cold,union,2,3383945573,3159634195,5699356837,0.1481,97.292,1250612,779,34505720,30192320,15458380132,ok
2026-10-06T20:30:37+02:00,yoann-Precision-5490,Intel(R) Core(TM) Ultra 7 165H,sklib,sklib-0.15.0,ocean_SRF:ocean_DCM,ocean_SRF,ocean_DCM,63,31,8,0;1;3;6;8;10;12;17,cold,union,3,3383945573,3159634195,5699356837,0.1481,96.548,1267440,782,34500064,30192312,15458380132,ok
2026-10-06T20:31:53+02:00,yoann-Precision-5490,Intel(R) Core(TM) Ultra 7 165H,sklib@b16384,sklib-0.15.0,ocean_SRF:ocean_DCM,ocean_SRF,ocean_DCM,63,31,8,0;1;3;6;8;10;12;17,cold,union,3,3383945573,3159634195,5699356837,0.1481,75.752,500168,763,34500536,30193088,15458576740,ok
2026-10-06T20:33:03+02:00,yoann-Precision-5490,Intel(R) Core(TM) Ultra 7 165H,sklib@b65536,sklib-0.15.0,ocean_SRF:ocean_DCM,ocean_SRF,ocean_DCM,63,31,8,0;1;3;6;8;10;12;17,cold,union,3,3383945573,3159634195,5699356837,0.1481,69.730,321180,744,34503608,30196144,15459363172,ok
2026-10-06T20:34:56+02:00,yoann-Precision-5490,Intel(R) Core(TM) Ultra 7 165H,sklib@b262144,sklib-0.15.0,ocean_SRF:ocean_DCM,ocean_SRF,ocean_DCM,63,31,8,0;1;3;6;8;10;12;17,cold,union,3,3383945573,3159634195,5699356837,0.1481,109.077,322488,425,34515896,30208456,15462508934,MISMATCH:u=5699356843
2026-10-06T20:37:34+02:00,yoann-Precision-5490,Intel(R) Core(TM) Ultra 7 165H,sklib,sklib-0.15.0,ocean_SRF:ocean_DCM,ocean_SRF,ocean_DCM,63,31,8,0;1;3;6;8;10;12;17,cold,joint,1,3383945573,3159634195,11398713674,0.1481,148.405,2257364,782,34502568,62685176,32094415556,ok
2026-10-06T20:39:33+02:00,yoann-Precision-5490,Intel(R) Core(TM) Ultra 7 165H,sklib@b16384,sklib-0.15.0,ocean_SRF:ocean_DCM,ocean_SRF,ocean_DCM,63,31,8,0;1;3;6;8;10;12;17,cold,joint,1,3383945573,3159634195,11398713674,0.1481,110.926,907232,759,34500536,62688200,32095201988,ok
2026-10-06T20:41:24+02:00,yoann-Precision-5490,Intel(R) Core(TM) Ultra 7 165H,sklib@b65536,sklib-0.15.0,ocean_SRF:ocean_DCM,ocean_SRF,ocean_DCM,63,31,8,0;1;3;6;8;10;12;17,cold,joint,1,3383945573,3159634195,11398713674,0.1481,101.836,573052,749,34503608,62700512,32098347716,ok
2026-10-06T20:43:12+02:00,yoann-Precision-5490,Intel(R) Core(TM) Ultra 7 165H,sklib@b262144,sklib-0.15.0,ocean_SRF:ocean_DCM,ocean_SRF,ocean_DCM,63,31,8,0;1;3;6;8;10;12;17,cold,joint,1,3383945573,3159634195,11398713674,0.1481,98.844,549908,719,34515896,62749728,32110930764,MISMATCH:dba=2315411270
2026-10-06T20:45:01+02:00,yoann-Precision-5490,Intel(R) Core(TM) Ultra 7 165H,sklib@b262144,sklib-0.15.0,ocean_SRF:ocean_DCM,ocean_SRF,ocean_DCM,63,31,8,0;1;3;6;8;10;12;17,cold,joint,2,3383945573,3159634195,11398713674,0.1481,97.968,518528,728,34515896,62749712,32110930764,MISMATCH:dba=2315411270
2026-10-06T20:46:45+02:00,yoann-Precision-5490,Intel(R) Core(TM) Ultra 7 165H,sklib@b65536,sklib-0.15.0,ocean_SRF:ocean_DCM,ocean_SRF,ocean_DCM,63,31,8,0;1;3;6;8;10;12;17,cold,joint,2,3383945573,3159634195,11398713674,0.1481,101.275,549064,751,34503672,62700416,32098347716,ok
2026-10-06T20:48:39+02:00,yoann-Precision-5490,Intel(R) Core(TM) Ultra 7 165H,sklib@b16384,sklib-0.15.0,ocean_SRF:ocean_DCM,ocean_SRF,ocean_DCM,63,31,8,0;1;3;6;8;10;12;17,cold,joint,2,3383945573,3159634195,11398713674,0.1481,111.787,879396,762,34500600,62688256,32095201988,ok
2026-10-06T20:51:09+02:00,yoann-Precision-5490,Intel(R) Core(TM) Ultra 7 165H,sklib,sklib-0.15.0,ocean_SRF:ocean_DCM,ocean_SRF,ocean_DCM,63,31,8,0;1;3;6;8;10;12;17,cold,joint,2,3383945573,3159634195,11398713674,0.1481,149.094,2307508,777,34499832,62685112,32094415556,ok
2026-10-06T20:53:37+02:00,yoann-Precision-5490,Intel(R) Core(TM) Ultra 7 165H,sklib,sklib-0.15.0,ocean_SRF:ocean_DCM,ocean_SRF,ocean_DCM,63,31,8,0;1;3;6;8;10;12;17,cold,joint,3,3383945573,3159634195,11398713674,0.1481,148.097,2225472,782,34499832,62685128,32094415556,ok
2026-10-06T20:55:27+02:00,yoann-Precision-5490,Intel(R) Core(TM) Ultra 7 165H,sklib@b16384,sklib-0.15.0,ocean_SRF:ocean_DCM,ocean_SRF,ocean_DCM,63,31,8,0;1;3;6;8;10;12;17,cold,joint,3,3383945573,3159634195,11398713674,0.1481,109.664,909636,769,34500600,62688208,32095201988,ok
2026-10-06T20:57:11+02:00,yoann-Precision-5490,Intel(R) Core(TM) Ultra 7 165H,sklib@b65536,sklib-0.15.0,ocean_SRF:ocean_DCM,ocean_SRF,ocean_DCM,63,31,8,0;1;3;6;8;10;12;17,cold,joint,3,3383945573,3159634195,11398713674,0.1481,102.086,536220,746,34503608,62700560,32098347716,ok
2026-10-06T20:58:59+02:00,yoann-Precision-5490,Intel(R) Core(TM) Ultra 7 165H,sklib@b262144,sklib-0.15.0,ocean_SRF:ocean_DCM,ocean_SRF,ocean_DCM,63,31,8,0;1;3;6;8;10;12;17,cold,joint,3,3383945573,3159634195,11398713674,0.1481,98.568,534204,715,34515896,62749824,32110930764,MISMATCH:dba=2315411270
2026-10-06T20:59:15+02:00,yoann-Precision-5490,Intel(R) Core(TM) Ultra 7 165H,sklib,sklib-0.15.0,ocean_SRF:ocean_DCM,ocean_SRF,ocean_DCM,63,31,8,0;1;3;6;8;10;12;17,cold,sizes,1,3383945573,3159634195,5699356837,0.1481,13.574,131748,733,34499768,8,0,ok
2026-10-06T20:59:28+02:00,yoann-Precision-5490,Intel(R) Core(TM) Ultra 7 165H,sklib@b16384,sklib-0.15.0,ocean_SRF:ocean_DCM,ocean_SRF,ocean_DCM,63,31,8,0;1;3;6;8;10;12;17,cold,sizes,1,3383945573,3159634195,5699356837,0.1481,12.977,57916,716,34500536,8,0,ok
2026-10-06T20:59:41+02:00,yoann-Precision-5490,Intel(R) Core(TM) Ultra 7 165H,sklib@b65536,sklib-0.15.0,ocean_SRF:ocean_DCM,ocean_SRF,ocean_DCM,63,31,8,0;1;3;6;8;10;12;17,cold,sizes,1,3383945573,3159634195,5699356837,0.1481,12.800,50304,677,34503608,8,0,ok
2026-10-06T20:59:55+02:00,yoann-Precision-5490,Intel(R) Core(TM) Ultra 7 165H,sklib@b262144,sklib-0.15.0,ocean_SRF:ocean_DCM,ocean_SRF,ocean_DCM,63,31,8,0;1;3;6;8;10;12;17,cold,sizes,1,3383945573,3159634195,5699356837,0.1481,13.822,81156,574,34515896,8,0,MISMATCH:sizes
2026-10-06T21:00:09+02:00,yoann-Precision-5490,Intel(R) Core(TM) Ultra 7 165H,sklib@b262144,sklib-0.15.0,ocean_SRF:ocean_DCM,ocean_SRF,ocean_DCM,63,31,8,0;1;3;6;8;10;12;17,cold,sizes,2,3383945573,3159634195,5699356837,0.1481,13.752,79892,567,34515896,8,0,MISMATCH:sizes
2026-10-06T21:00:23+02:00,yoann-Precision-5490,Intel(R) Core(TM) Ultra 7 165H,sklib@b65536,sklib-0.15.0,ocean_SRF:ocean_DCM,ocean_SRF,ocean_DCM,63,31,8,0;1;3;6;8;10;12;17,cold,sizes,2,3383945573,3159634195,5699356837,0.1481,12.624,50752,675,34503608,8,0,ok
2026-10-06T21:00:36+02:00,yoann-Precision-5490,Intel(R) Core(TM) Ultra 7 165H,sklib@b16384,sklib-0.15.0,ocean_SRF:ocean_DCM,ocean_SRF,ocean_DCM,63,31,8,0;1;3;6;8;10;12;17,cold,sizes,2,3383945573,3159634195,5699356837,0.1481,12.882,57940,715,34500536,8,0,ok
2026-10-06T21:00:51+02:00,yoann-Precision-5490,Intel(R) Core(TM) Ultra 7 165H,sklib,sklib-0.15.0,ocean_SRF:ocean_DCM,ocean_SRF,ocean_DCM,63,31,8,0;1;3;6;8;10;12;17,cold,sizes,2,3383945573,3159634195,5699356837,0.1481,14.173,135096,693,34499768,8,0,ok
2026-10-06T21:01:06+02:00,yoann-Precision-5490,Intel(R) Core(TM) Ultra 7 165H,sklib,sklib-0.15.0,ocean_SRF:ocean_DCM,ocean_SRF,ocean_DCM,63,31,8,0;1;3;6;8;10;12;17,cold,sizes,3,3383945573,3159634195,5699356837,0.1481,14.856,135280,674,34499768,8,0,ok
2026-10-06T21:01:19+02:00,yoann-Precision-5490,Intel(R) Core(TM) Ultra 7 165H,sklib@b16384,sklib-0.15.0,ocean_SRF:ocean_DCM,ocean_SRF,ocean_DCM,63,31,8,0;1;3;6;8;10;12;17,cold,sizes,3,3383945573,3159634195,5699356837,0.1481,13.076,58244,718,34500536,8,0,ok
2026-10-06T21:01:33+02:00,yoann-Precision-5490,Intel(R) Core(TM) Ultra 7 165H,sklib@b65536,sklib-0.15.0,ocean_SRF:ocean_DCM,ocean_SRF,ocean_DCM,63,31,8,0;1;3;6;8;10;12;17,cold,sizes,3,3383945573,3159634195,5699356837,0.1481,12.924,50224,679,34503608,8,0,ok
2026-10-06T21:01:47+02:00,yoann-Precision-5490,Intel(R) Core(TM) Ultra 7 165H,sklib@b262144,sklib-0.15.0,ocean_SRF:ocean_DCM,ocean_SRF,ocean_DCM,63,31,8,0;1;3;6;8;10;12;17,cold,sizes,3,3383945573,3159634195,5699356837,0.1481,13.897,83292,576,34515896,8,0,MISMATCH:sizes
2026-10-06T21:08:33+02:00,yoann-Precision-5490,Intel(R) Core(TM) Ultra 7 165H,sklib,sklib-0.15.0,ocean_SRF:ocean_DCM,ocean_SRF,ocean_DCM,31,15,1,none,cold,union,1,4032100798,3791129053,6594466456,0.1863,399.887,197336,97,43954200,38945552,19939999140,ok
2026-10-06T21:14:53+02:00,yoann-Precision-5490,Intel(R) Core(TM) Ultra 7 165H,sklib@b16384,sklib-0.15.0,ocean_SRF:ocean_DCM,ocean_SRF,ocean_DCM,31,15,1,none,cold,union,1,4032100798,3791129053,6594466456,0.1863,375.008,76616,94,43954960,38946328,19940195748,ok
2026-10-06T21:20:31+02:00,yoann-Precision-5490,Intel(R) Core(TM) Ultra 7 165H,sklib@b65536,sklib-0.15.0,ocean_SRF:ocean_DCM,ocean_SRF,ocean_DCM,31,15,1,none,cold,union,1,4032100798,3791129053,6594466456,0.1863,333.890,66400,98,43958032,38949416,19940982180,ok
2026-10-06T21:25:56+02:00,yoann-Precision-5490,Intel(R) Core(TM) Ultra 7 165H,sklib@b262144,sklib-0.15.0,ocean_SRF:ocean_DCM,ocean_SRF,ocean_DCM,31,15,1,none,cold,union,1,4032100798,3791129053,6594466456,0.1863,319.516,105016,99,43970304,38961728,19944127908,ok
2026-10-06T21:31:18+02:00,yoann-Precision-5490,Intel(R) Core(TM) Ultra 7 165H,sklib@b262144,sklib-0.15.0,ocean_SRF:ocean_DCM,ocean_SRF,ocean_DCM,31,15,1,none,cold,union,2,4032100798,3791129053,6594466456,0.1863,320.212,105220,99,43970288,38961688,19944127908,ok
2026-10-06T21:36:53+02:00,yoann-Precision-5490,Intel(R) Core(TM) Ultra 7 165H,sklib@b65536,sklib-0.15.0,ocean_SRF:ocean_DCM,ocean_SRF,ocean_DCM,31,15,1,none,cold,union,2,4032100798,3791129053,6594466456,0.1863,334.112,66008,98,43958000,38949440,19940982180,ok
2026-10-06T21:43:08+02:00,yoann-Precision-5490,Intel(R) Core(TM) Ultra 7 165H,sklib@b16384,sklib-0.15.0,ocean_SRF:ocean_DCM,ocean_SRF,ocean_DCM,31,15,1,none,cold,union,2,4032100798,3791129053,6594466456,0.1863,374.095,76712,94,43954944,38946320,19940195748,ok
2026-10-06T21:49:48+02:00,yoann-Precision-5490,Intel(R) Core(TM) Ultra 7 165H,sklib,sklib-0.15.0,ocean_SRF:ocean_DCM,ocean_SRF,ocean_DCM,31,15,1,none,cold,union,2,4032100798,3791129053,6594466456,0.1863,399.150,197224,97,43954176,38945568,19939999140,ok
2026-10-06T21:56:26+02:00,yoann-Precision-5490,Intel(R) Core(TM) Ultra 7 165H,sklib,sklib-0.15.0,ocean_SRF:ocean_DCM,ocean_SRF,ocean_DCM,31,15,1,none,cold,union,3,4032100798,3791129053,6594466456,0.1863,398.019,197376,97,43954176,38945552,19939999140,ok
2026-10-06T22:02:44+02:00,yoann-Precision-5490,Intel(R) Core(TM) Ultra 7 165H,sklib@b16384,sklib-0.15.0,ocean_SRF:ocean_DCM,ocean_SRF,ocean_DCM,31,15,1,none,cold,union,3,4032100798,3791129053,6594466456,0.1863,377.052,76840,93,43954944,38946320,19940195748,ok
2026-10-06T22:08:19+02:00,yoann-Precision-5490,Intel(R) Core(TM) Ultra 7 165H,sklib@b65536,sklib-0.15.0,ocean_SRF:ocean_DCM,ocean_SRF,ocean_DCM,31,15,1,none,cold,union,3,4032100798,3791129053,6594466456,0.1863,334.985,66460,98,43958016,38949424,19940982180,ok
2026-10-06T22:13:40+02:00,yoann-Precision-5490,Intel(R) Core(TM) Ultra 7 165H,sklib@b262144,sklib-0.15.0,ocean_SRF:ocean_DCM,ocean_SRF,ocean_DCM,31,15,1,none,cold,union,3,4032100798,3791129053,6594466456,0.1863,319.877,104856,99,43970288,38961664,19944127908,ok
2026-10-06T22:13:45+02:00,yoann-Precision-5490,Intel(R) Core(TM) Ultra 7 165H,sklib@b256,sklib-0.15.0,chr1:chr1_mutJ05,chr1,chr1_mutJ05,31,15,8,0;1;3;6;8;10;12;17,cold,union,1,204155258,211711300,277856169,0.4967,3.540,652020,758,1847888,1289504,660221742,ok
2026-10-06T22:13:48+02:00,yoann-Precision-5490,Intel(R) Core(TM) Ultra 7 165H,sklib@b1024,sklib-0.15.0,chr1:chr1_mutJ05,chr1,chr1_mutJ05,31,15,8,0;1;3;6;8;10;12;17,cold,union,1,204155258,211711300,277856169,0.4967,2.943,199444,756,1847936,1289528,660234030,ok
2026-10-06T22:13:51+02:00,yoann-Precision-5490,Intel(R) Core(TM) Ultra 7 165H,sklib,sklib-0.15.0,chr1:chr1_mutJ05,chr1,chr1_mutJ05,31,15,8,0;1;3;6;8;10;12;17,cold,union,1,204155258,211711300,277856169,0.4967,2.776,82032,734,1848128,1289624,660283182,ok
2026-10-06T22:13:55+02:00,yoann-Precision-5490,Intel(R) Core(TM) Ultra 7 165H,sklib@b16384,sklib-0.15.0,chr1:chr1_mutJ05,chr1,chr1_mutJ05,31,15,8,0;1;3;6;8;10;12;17,cold,union,1,204155258,211711300,277856169,0.4967,2.971,65112,685,1848896,1290008,660479790,ok
2026-10-06T22:13:58+02:00,yoann-Precision-5490,Intel(R) Core(TM) Ultra 7 165H,sklib@b65536,sklib-0.15.0,chr1:chr1_mutJ05,chr1,chr1_mutJ05,31,15,8,0;1;3;6;8;10;12;17,cold,union,1,204155258,211711300,277856169,0.4967,3.282,59992,611,1851968,1291544,661266222,ok
2026-10-06T22:14:16+02:00,yoann-Precision-5490,Intel(R) Core(TM) Ultra 7 165H,sklib@b65536,sklib-0.15.0,chr1:chr1_mutJ05,chr1,chr1_mutJ05,31,15,8,0;1;3;6;8;10;12;17,cold,union,2,204155258,211711300,277856169,0.4967,18.078,68120,102,1851952,1291544,661266222,ok
2026-10-06T22:14:24+02:00,yoann-Precision-5490,Intel(R) Core(TM) Ultra 7 165H,sklib@b16384,sklib-0.15.0,chr1:chr1_mutJ05,chr1,chr1_mutJ05,31,15,8,0;1;3;6;8;10;12;17,cold,union,2,204155258,211711300,277856169,0.4967,7.110,61464,263,1848880,1290008,660479790,ok
2026-10-06T22:14:26+02:00,yoann-Precision-5490,Intel(R) Core(TM) Ultra 7 165H,sklib,sklib-0.15.0,chr1:chr1_mutJ05,chr1,chr1_mutJ05,31,15,8,0;1;3;6;8;10;12;17,cold,union,2,204155258,211711300,277856169,0.4967,2.633,85932,730,1848112,1289624,660283182,ok
2026-10-06T22:14:30+02:00,yoann-Precision-5490,Intel(R) Core(TM) Ultra 7 165H,sklib@b1024,sklib-0.15.0,chr1:chr1_mutJ05,chr1,chr1_mutJ05,31,15,8,0;1;3;6;8;10;12;17,cold,union,2,204155258,211711300,277856169,0.4967,3.264,200648,684,1847920,1289528,660234030,ok
2026-10-06T22:14:34+02:00,yoann-Precision-5490,Intel(R) Core(TM) Ultra 7 165H,sklib@b256,sklib-0.15.0,chr1:chr1_mutJ05,chr1,chr1_mutJ05,31,15,8,0;1;3;6;8;10;12;17,cold,union,2,204155258,211711300,277856169,0.4967,3.792,603124,734,1847872,1289504,660221742,ok
2026-10-06T22:14:38+02:00,yoann-Precision-5490,Intel(R) Core(TM) Ultra 7 165H,sklib@b256,sklib-0.15.0,chr1:chr1_mutJ05,chr1,chr1_mutJ05,31,15,8,0;1;3;6;8;10;12;17,cold,union,3,204155258,211711300,277856169,0.4967,3.881,673164,722,1847872,1289504,660221742,ok
2026-10-06T22:14:41+02:00,yoann-Precision-5490,Intel(R) Core(TM) Ultra 7 165H,sklib@b1024,sklib-0.15.0,chr1:chr1_mutJ05,chr1,chr1_mutJ05,31,15,8,0;1;3;6;8;10;12;17,cold,union,3,204155258,211711300,277856169,0.4967,3.542,193044,636,1847920,1289528,660234030,ok
2026-10-06T22:14:44+02:00,yoann-Precision-5490,Intel(R) Core(TM) Ultra 7 165H,sklib,sklib-0.15.0,chr1:chr1_mutJ05,chr1,chr1_mutJ05,31,15,8,0;1;3;6;8;10;12;17,cold,union,3,204155258,211711300,277856169,0.4967,2.805,83784,731,1848112,1289624,660283182,ok
2026-10-06T22:14:47+02:00,yoann-Precision-5490,Intel(R) Core(TM) Ultra 7 165H,sklib@b16384,sklib-0.15.0,chr1:chr1_mutJ05,chr1,chr1_mutJ05,31,15,8,0;1;3;6;8;10;12;17,cold,union,3,204155258,211711300,277856169,0.4967,3.008,59988,666,1848880,1290008,660479790,ok
2026-10-06T22:14:54+02:00,yoann-Precision-5490,Intel(R) Core(TM) Ultra 7 165H,sklib@b65536,sklib-0.15.0,chr1:chr1_mutJ05,chr1,chr1_mutJ05,31,15,8,0;1;3;6;8;10;12;17,cold,union,3,204155258,211711300,277856169,0.4967,6.828,66256,291,1851952,1291544,661266222,ok
2026-10-06T22:15:00+02:00,yoann-Precision-5490,Intel(R) Core(TM) Ultra 7 165H,sklib@b256,sklib-0.15.0,chr1:chr1_mutJ05,chr1,chr1_mutJ05,31,15,8,0;1;3;6;8;10;12;17,cold,joint,1,204155258,211711300,555712338,0.4967,5.573,1061404,748,1847872,2652248,1356886902,ok
2026-10-06T22:15:06+02:00,yoann-Precision-5490,Intel(R) Core(TM) Ultra 7 165H,sklib@b1024,sklib-0.15.0,chr1:chr1_mutJ05,chr1,chr1_mutJ05,31,15,8,0;1;3;6;8;10;12;17,cold,joint,1,204155258,211711300,555712338,0.4967,4.846,314744,747,1847920,2650288,1356936054,ok
2026-10-06T22:15:11+02:00,yoann-Precision-5490,Intel(R) Core(TM) Ultra 7 165H,sklib,sklib-0.15.0,chr1:chr1_mutJ05,chr1,chr1_mutJ05,31,15,8,0;1;3;6;8;10;12;17,cold,joint,1,204155258,211711300,555712338,0.4967,4.429,137596,741,1848112,2650672,1357132662,ok
2026-10-06T22:15:16+02:00,yoann-Precision-5490,Intel(R) Core(TM) Ultra 7 165H,sklib@b16384,sklib-0.15.0,chr1:chr1_mutJ05,chr1,chr1_mutJ05,31,15,8,0;1;3;6;8;10;12;17,cold,joint,1,204155258,211711300,555712338,0.4967,4.444,96748,687,1848880,2652208,1357919094,ok
2026-10-06T22:15:22+02:00,yoann-Precision-5490,Intel(R) Core(TM) Ultra 7 165H,sklib@b65536,sklib-0.15.0,chr1:chr1_mutJ05,chr1,chr1_mutJ05,31,15,8,0;1;3;6;8;10;12;17,cold,joint,1,204155258,211711300,555712338,0.4967,5.048,97832,608,1851952,2658352,1361064822,ok
2026-10-06T22:15:54+02:00,yoann-Precision-5490,Intel(R) Core(TM) Ultra 7 165H,sklib@b65536,sklib-0.15.0,chr1:chr1_mutJ05,chr1,chr1_mutJ05,31,15,8,0;1;3;6;8;10;12;17,cold,joint,2,204155258,211711300,555712338,0.4967,31.758,101340,91,1851952,2666600,1361064822,ok
2026-10-06T22:15:58+02:00,yoann-Precision-5490,Intel(R) Core(TM) Ultra 7 165H,sklib@b16384,sklib-0.15.0,chr1:chr1_mutJ05,chr1,chr1_mutJ05,31,15,8,0;1;3;6;8;10;12;17,cold,joint,2,204155258,211711300,555712338,0.4967,4.160,100156,672,1848880,2652208,1357919094,ok
2026-10-06T22:16:02+02:00,yoann-Precision-5490,Intel(R) Core(TM) Ultra 7 165H,sklib,sklib-0.15.0,chr1:chr1_mutJ05,chr1,chr1_mutJ05,31,15,8,0;1;3;6;8;10;12;17,cold,joint,2,204155258,211711300,555712338,0.4967,4.130,139160,739,1848112,2650672,1357132662,ok
2026-10-06T22:16:07+02:00,yoann-Precision-5490,Intel(R) Core(TM) Ultra 7 165H,sklib@b1024,sklib-0.15.0,chr1:chr1_mutJ05,chr1,chr1_mutJ05,31,15,8,0;1;3;6;8;10;12;17,cold,joint,2,204155258,211711300,555712338,0.4967,4.555,315856,758,1847920,2650288,1356936054,ok
2026-10-06T22:16:13+02:00,yoann-Precision-5490,Intel(R) Core(TM) Ultra 7 165H,sklib@b256,sklib-0.15.0,chr1:chr1_mutJ05,chr1,chr1_mutJ05,31,15,8,0;1;3;6;8;10;12;17,cold,joint,2,204155258,211711300,555712338,0.4967,5.468,1055564,761,1847872,2650192,1356886902,ok
2026-10-06T22:16:18+02:00,yoann-Precision-5490,Intel(R) Core(TM) Ultra 7 165H,sklib@b256,sklib-0.15.0,chr1:chr1_mutJ05,chr1,chr1_mutJ05,31,15,8,0;1;3;6;8;10;12;17,cold,joint,3,204155258,211711300,555712338,0.4967,5.473,1070756,763,1847872,2650192,1356886902,ok
2026-10-06T22:16:23+02:00,yoann-Precision-5490,Intel(R) Core(TM) Ultra 7 165H,sklib@b1024,sklib-0.15.0,chr1:chr1_mutJ05,chr1,chr1_mutJ05,31,15,8,0;1;3;6;8;10;12;17,cold,joint,3,204155258,211711300,555712338,0.4967,4.672,316616,755,1847920,2650288,1356936054,ok
2026-10-06T22:16:28+02:00,yoann-Precision-5490,Intel(R) Core(TM) Ultra 7 165H,sklib,sklib-0.15.0,chr1:chr1_mutJ05,chr1,chr1_mutJ05,31,15,8,0;1;3;6;8;10;12;17,cold,joint,3,204155258,211711300,555712338,0.4967,4.386,147880,734,1848112,2650672,1357132662,ok
2026-10-06T22:16:32+02:00,yoann-Precision-5490,Intel(R) Core(TM) Ultra 7 165H,sklib@b16384,sklib-0.15.0,chr1:chr1_mutJ05,chr1,chr1_mutJ05,31,15,8,0;1;3;6;8;10;12;17,cold,joint,3,204155258,211711300,555712338,0.4967,4.515,96936,670,1848880,2652208,1357919094,ok
2026-10-06T22:17:07+02:00,yoann-Precision-5490,Intel(R) Core(TM) Ultra 7 165H,sklib@b65536,sklib-0.15.0,chr1:chr1_mutJ05,chr1,chr1_mutJ05,31,15,8,0;1;3;6;8;10;12;17,cold,joint,3,204155258,211711300,555712338,0.4967,34.779,96464,81,1851952,2666624,1361064822,ok
2026-10-06T22:17:08+02:00,yoann-Precision-5490,Intel(R) Core(TM) Ultra 7 165H,sklib@b256,sklib-0.15.0,chr1:chr1_mutJ05,chr1,chr1_mutJ05,31,15,8,0;1;3;6;8;10;12;17,cold,sizes,1,204155258,211711300,277856169,0.4967,0.480,75340,652,1847872,8,0,ok
2026-10-06T22:17:09+02:00,yoann-Precision-5490,Intel(R) Core(TM) Ultra 7 165H,sklib@b1024,sklib-0.15.0,chr1:chr1_mutJ05,chr1,chr1_mutJ05,31,15,8,0;1;3;6;8;10;12;17,cold,sizes,1,204155258,211711300,277856169,0.4967,0.468,28836,609,1847920,8,0,ok
2026-10-06T22:17:09+02:00,yoann-Precision-5490,Intel(R) Core(TM) Ultra 7 165H,sklib,sklib-0.15.0,chr1:chr1_mutJ05,chr1,chr1_mutJ05,31,15,8,0;1;3;6;8;10;12;17,cold,sizes,1,204155258,211711300,277856169,0.4967,0.522,18152,554,1848112,8,0,ok
2026-10-06T22:17:10+02:00,yoann-Precision-5490,Intel(R) Core(TM) Ultra 7 165H,sklib@b16384,sklib-0.15.0,chr1:chr1_mutJ05,chr1,chr1_mutJ05,31,15,8,0;1;3;6;8;10;12;17,cold,sizes,1,204155258,211711300,277856169,0.4967,0.679,17124,417,1848880,8,0,ok
2026-10-06T22:17:11+02:00,yoann-Precision-5490,Intel(R) Core(TM) Ultra 7 165H,sklib@b65536,sklib-0.15.0,chr1:chr1_mutJ05,chr1,chr1_mutJ05,31,15,8,0;1;3;6;8;10;12;17,cold,sizes,1,204155258,211711300,277856169,0.4967,0.847,27532,346,1851952,8,0,ok
2026-10-06T22:17:12+02:00,yoann-Precision-5490,Intel(R) Core(TM) Ultra 7 165H,sklib@b65536,sklib-0.15.0,chr1:chr1_mutJ05,chr1,chr1_mutJ05,31,15,8,0;1;3;6;8;10;12;17,cold,sizes,2,204155258,211711300,277856169,0.4967,0.856,26936,343,1851952,8,0,ok
2026-10-06T22:17:13+02:00,yoann-Precision-5490,Intel(R) Core(TM) Ultra 7 165H,sklib@b16384,sklib-0.15.0,chr1:chr1_mutJ05,chr1,chr1_mutJ05,31,15,8,0;1;3;6;8;10;12;17,cold,sizes,2,204155258,211711300,277856169,0.4967,0.685,18316,418,1848880,8,0,ok
2026-10-06T22:17:13+02:00,yoann-Precision-5490,Intel(R) Core(TM) Ultra 7 165H,sklib,sklib-0.15.0,chr1:chr1_mutJ05,chr1,chr1_mutJ05,31,15,8,0;1;3;6;8;10;12;17,cold,sizes,2,204155258,211711300,277856169,0.4967,0.515,20152,568,1848112,8,0,ok
2026-10-06T22:17:14+02:00,yoann-Precision-5490,Intel(R) Core(TM) Ultra 7 165H,sklib@b1024,sklib-0.15.0,chr1:chr1_mutJ05,chr1,chr1_mutJ05,31,15,8,0;1;3;6;8;10;12;17,cold,sizes,2,204155258,211711300,277856169,0.4967,0.481,28204,617,1847920,8,0,ok
2026-10-06T22:17:14+02:00,yoann-Precision-5490,Intel(R) Core(TM) Ultra 7 165H,sklib@b256,sklib-0.15.0,chr1:chr1_mutJ05,chr1,chr1_mutJ05,31,15,8,0;1;3;6;8;10;12;17,cold,sizes,2,204155258,211711300,277856169,0.4967,0.475,75920,666,1847872,8,0,ok
2026-10-06T22:17:15+02:00,yoann-Precision-5490,Intel(R) Core(TM) Ultra 7 165H,sklib@b256,sklib-0.15.0,chr1:chr1_mutJ05,chr1,chr1_mutJ05,31,15,8,0;1;3;6;8;10;12;17,cold,sizes,3,204155258,211711300,277856169,0.4967,0.484,77064,663,1847872,8,0,ok
2026-10-06T22:17:16+02:00,yoann-Precision-5490,Intel(R) Core(TM) Ultra 7 165H,sklib@b1024,sklib-0.15.0,chr1:chr1_mutJ05,chr1,chr1_mutJ05,31,15,8,0;1;3;6;8;10;12;17,cold,sizes,3,204155258,211711300,277856169,0.4967,0.484,27000,620,1847920,8,0,ok
2026-10-06T22:17:16+02:00,yoann-Precision-5490,Intel(R) Core(TM) Ultra 7 165H,sklib,sklib-0.15.0,chr1:chr1_mutJ05,chr1,chr1_mutJ05,31,15,8,0;1;3;6;8;10;12;17,cold,sizes,3,204155258,211711300,277856169,0.4967,0.518,19760,567,1848112,8,0,ok
2026-10-06T22:17:17+02:00,yoann-Precision-5490,Intel(R) Core(TM) Ultra 7 165H,sklib@b16384,sklib-0.15.0,chr1:chr1_mutJ05,chr1,chr1_mutJ05,31,15,8,0;1;3;6;8;10;12;17,cold,sizes,3,204155258,211711300,277856169,0.4967,0.690,18324,422,1848880,8,0,ok
2026-10-06T22:17:24+02:00,yoann-Precision-5490,Intel(R) Core(TM) Ultra 7 165H,sklib@b65536,sklib-0.15.0,chr1:chr1_mutJ05,chr1,chr1_mutJ05,31,15,8,0;1;3;6;8;10;12;17,cold,sizes,3,204155258,211711300,277856169,0.4967,7.033,27660,41,1851952,8,0,ok
2026-10-06T22:17:40+02:00,yoann-Precision-5490,Intel(R) Core(TM) Ultra 7 165H,sklib@b256,sklib-0.15.0,chr1:chr1_mutJ05,chr1,chr1_mutJ05,31,15,1,none,cold,union,1,204155258,211711300,277856169,0.4967,15.586,101796,97,1847872,1289504,660221742,ok
2026-10-06T22:18:00+02:00,yoann-Precision-5490,Intel(R) Core(TM) Ultra 7 165H,sklib@b1024,sklib-0.15.0,chr1:chr1_mutJ05,chr1,chr1_mutJ05,31,15,1,none,cold,union,1,204155258,211711300,277856169,0.4967,19.349,32068,68,1847920,1289528,660234030,ok
2026-10-06T22:18:13+02:00,yoann-Precision-5490,Intel(R) Core(TM) Ultra 7 165H,sklib,sklib-0.15.0,chr1:chr1_mutJ05,chr1,chr1_mutJ05,31,15,1,none,cold,union,1,204155258,211711300,277856169,0.4967,13.066,20080,99,1848112,1289624,660283182,ok
2026-10-06T22:18:26+02:00,yoann-Precision-5490,Intel(R) Core(TM) Ultra 7 165H,sklib@b16384,sklib-0.15.0,chr1:chr1_mutJ05,chr1,chr1_mutJ05,31,15,1,none,cold,union,1,204155258,211711300,277856169,0.4967,12.584,21920,99,1848880,1290008,660479790,ok
2026-10-06T22:18:39+02:00,yoann-Precision-5490,Intel(R) Core(TM) Ultra 7 165H,sklib@b65536,sklib-0.15.0,chr1:chr1_mutJ05,chr1,chr1_mutJ05,31,15,1,none,cold,union,1,204155258,211711300,277856169,0.4967,12.580,29520,99,1851952,1291544,661266222,ok
2026-10-06T22:18:51+02:00,yoann-Precision-5490,Intel(R) Core(TM) Ultra 7 165H,sklib@b65536,sklib-0.15.0,chr1:chr1_mutJ05,chr1,chr1_mutJ05,31,15,1,none,cold,union,2,204155258,211711300,277856169,0.4967,12.430,29444,99,1851952,1291544,661266222,ok
2026-10-06T22:19:04+02:00,yoann-Precision-5490,Intel(R) Core(TM) Ultra 7 165H,sklib@b16384,sklib-0.15.0,chr1:chr1_mutJ05,chr1,chr1_mutJ05,31,15,1,none,cold,union,2,204155258,211711300,277856169,0.4967,12.544,21656,99,1848880,1290008,660479790,ok
2026-10-06T22:19:17+02:00,yoann-Precision-5490,Intel(R) Core(TM) Ultra 7 165H,sklib,sklib-0.15.0,chr1:chr1_mutJ05,chr1,chr1_mutJ05,31,15,1,none,cold,union,2,204155258,211711300,277856169,0.4967,12.972,19860,99,1848112,1289624,660283182,ok
2026-10-06T22:19:36+02:00,yoann-Precision-5490,Intel(R) Core(TM) Ultra 7 165H,sklib@b1024,sklib-0.15.0,chr1:chr1_mutJ05,chr1,chr1_mutJ05,31,15,1,none,cold,union,2,204155258,211711300,277856169,0.4967,18.415,31876,72,1847920,1289528,660234030,ok
2026-10-06T22:19:51+02:00,yoann-Precision-5490,Intel(R) Core(TM) Ultra 7 165H,sklib@b256,sklib-0.15.0,chr1:chr1_mutJ05,chr1,chr1_mutJ05,31,15,1,none,cold,union,2,204155258,211711300,277856169,0.4967,15.451,101520,96,1847872,1289504,660221742,ok
2026-10-06T22:20:07+02:00,yoann-Precision-5490,Intel(R) Core(TM) Ultra 7 165H,sklib@b256,sklib-0.15.0,chr1:chr1_mutJ05,chr1,chr1_mutJ05,31,15,1,none,cold,union,3,204155258,211711300,277856169,0.4967,15.486,101640,96,1847872,1289504,660221742,ok
2026-10-06T22:20:28+02:00,yoann-Precision-5490,Intel(R) Core(TM) Ultra 7 165H,sklib@b1024,sklib-0.15.0,chr1:chr1_mutJ05,chr1,chr1_mutJ05,31,15,1,none,cold,union,3,204155258,211711300,277856169,0.4967,20.604,31892,64,1847920,1289528,660234030,ok
2026-10-06T22:20:41+02:00,yoann-Precision-5490,Intel(R) Core(TM) Ultra 7 165H,sklib,sklib-0.15.0,chr1:chr1_mutJ05,chr1,chr1_mutJ05,31,15,1,none,cold,union,3,204155258,211711300,277856169,0.4967,13.145,19952,99,1848112,1289624,660283182,ok
2026-10-06T22:20:54+02:00,yoann-Precision-5490,Intel(R) Core(TM) Ultra 7 165H,sklib@b16384,sklib-0.15.0,chr1:chr1_mutJ05,chr1,chr1_mutJ05,31,15,1,none,cold,union,3,204155258,211711300,277856169,0.4967,12.670,21912,99,1848880,1290008,660479790,ok
2026-10-06T22:21:06+02:00,yoann-Precision-5490,Intel(R) Core(TM) Ultra 7 165H,sklib@b65536,sklib-0.15.0,chr1:chr1_mutJ05,chr1,chr1_mutJ05,31,15,1,none,cold,union,3,204155258,211711300,277856169,0.4967,12.563,29340,99,1851952,1291544,661266222,ok
