timestamp,host,cpu,tool,tool_version,set,k,m,threads,pin,cache,time_s,peak_rss_kb,cpu_pct,fs_in_blocks,fs_out_blocks,index_bytes,n_superkmers,input_bytes
2026-10-05T18:36:32+02:00,yoann-Precision-5490,Intel(R) Core(TM) Ultra 7 165H,sklib,sklib-0.15.0,hg002_A,31,15,8,0;1;3;6;8;10;12;17,cold,224.981,1966364,736,47768488,81583600,8698612752,483252620,14859265729
2026-10-05T18:37:52+02:00,yoann-Precision-5490,Intel(R) Core(TM) Ultra 7 165H,kmc,kmc-3.2.4,hg002_A,31,15,8,0;1;3;6;8;10;12;17,cold,79.747,11760832,765,39034840,64902520,21215035327,NA,14859265729
2026-10-05T18:41:36+02:00,yoann-Precision-5490,Intel(R) Core(TM) Ultra 7 165H,sklib,sklib-0.15.0,hg002_B,31,15,8,0;1;3;6;8;10;12;17,cold,222.245,2087684,738,35257368,79139328,8939692422,496645935,14189586988
2026-10-05T18:42:54+02:00,yoann-Precision-5490,Intel(R) Core(TM) Ultra 7 165H,kmc,kmc-3.2.4,hg002_B,31,15,8,0;1;3;6;8;10;12;17,cold,78.364,11758476,766,37977728,64834352,21725504664,NA,14189586988
2026-10-05T20:05:13+02:00,yoann-Precision-5490,Intel(R) Core(TM) Ultra 7 165H,sklib,sklib-0.15.0,gut_A,31,15,8,0;1;3;6;8;10;12;17,cold,194.668,729868,634,27561584,57157304,1547769312,85983540,14111529071
2026-10-05T20:06:20+02:00,yoann-Precision-5490,Intel(R) Core(TM) Ultra 7 165H,kmc,kmc-3.2.4,gut_A,31,15,8,0;1;3;6;8;10;12;17,cold,66.478,11756688,768,27561584,27889456,4420213185,NA,14111529071
2026-10-05T20:10:05+02:00,yoann-Precision-5490,Intel(R) Core(TM) Ultra 7 165H,sklib,sklib-0.15.0,gut_B,31,15,8,0;1;3;6;8;10;12;17,cold,224.454,884104,639,31373448,64886928,1734217380,96341766,16063201915
2026-10-05T20:11:20+02:00,yoann-Precision-5490,Intel(R) Core(TM) Ultra 7 165H,kmc,kmc-3.2.4,gut_B,31,15,8,0;1;3;6;8;10;12;17,cold,74.597,11759524,769,31373448,31497000,4925226386,NA,16063201915
2026-10-05T20:36:04+02:00,yoann-Precision-5490,Intel(R) Core(TM) Ultra 7 165H,sklib,sklib-0.15.0,ocean_SRF,31,15,8,0;1;3;6;8;10;12;17,cold,313.746,2107440,705,77445368,87920808,11620997694,645607339,16454145483
2026-10-05T20:37:35+02:00,yoann-Precision-5490,Intel(R) Core(TM) Ultra 7 165H,kmc,kmc-3.2.4,ocean_SRF,31,15,8,0;1;3;6;8;10;12;17,cold,90.832,11749324,767,43373760,78749048,28292863126,NA,16454145483
2026-10-05T20:42:40+02:00,yoann-Precision-5490,Intel(R) Core(TM) Ultra 7 165H,sklib,sklib-0.15.0,ocean_DCM,31,15,8,0;1;3;6;8;10;12;17,cold,304.589,2072564,711,68699496,86186456,10883528136,604636808,16234718102
2026-10-05T20:44:12+02:00,yoann-Precision-5490,Intel(R) Core(TM) Ultra 7 165H,kmc,kmc-3.2.4,ocean_DCM,31,15,8,0;1;3;6;8;10;12;17,cold,90.910,11745952,767,41939000,75364944,26606060911,NA,16234718102
2026-10-05T22:54:21+02:00,yoann-Precision-5490,Intel(R) Core(TM) Ultra 7 165H,sklib,sklib-0.15.0,hg002_A,63,31,8,0;1;3;6;8;10;12;17,cold,272.013,1821180,762,29022008,70308416,7619871960,224111952,14859265729
2026-10-05T22:55:38+02:00,yoann-Precision-5490,Intel(R) Core(TM) Ultra 7 165H,kmc,kmc-3.2.4,hg002_A,63,31,8,0;1;3;6;8;10;12;17,cold,77.382,11732088,775,39556416,112422856,49066012785,NA,14859265729
2026-10-05T23:00:07+02:00,yoann-Precision-5490,Intel(R) Core(TM) Ultra 7 165H,sklib,sklib-0.15.0,hg002_B,63,31,8,0;1;3;6;8;10;12;17,cold,266.375,1753836,757,27714040,68098432,7799198976,229386276,14189586988
2026-10-05T23:01:21+02:00,yoann-Precision-5490,Intel(R) Core(TM) Ultra 7 165H,kmc,kmc-3.2.4,hg002_B,63,31,8,0;1;3;6;8;10;12;17,cold,74.358,11757656,774,37635520,112882560,49688295885,NA,14189586988
2026-10-06T00:45:43+02:00,yoann-Precision-5490,Intel(R) Core(TM) Ultra 7 165H,sklib,sklib-0.15.0,gut_A,63,31,8,0;1;3;6;8;10;12;17,cold,154.588,675564,700,27561584,40263640,1448576024,42603248,14111529071
2026-10-06T00:46:32+02:00,yoann-Precision-5490,Intel(R) Core(TM) Ultra 7 165H,kmc,kmc-3.2.4,gut_A,63,31,8,0;1;3;6;8;10;12;17,cold,48.384,11687096,736,27561584,26970048,7895359005,NA,14111529071
2026-10-06T00:49:28+02:00,yoann-Precision-5490,Intel(R) Core(TM) Ultra 7 165H,sklib,sklib-0.15.0,gut_B,63,31,8,0;1;3;6;8;10;12;17,cold,175.079,830604,715,31373448,45395960,1613616580,47457382,16063201915
2026-10-06T00:50:20+02:00,yoann-Precision-5490,Intel(R) Core(TM) Ultra 7 165H,kmc,kmc-3.2.4,gut_B,63,31,8,0;1;3;6;8;10;12;17,cold,51.211,11756284,720,31373448,30395112,8882097225,NA,16063201915
2026-10-06T01:13:08+02:00,yoann-Precision-5490,Intel(R) Core(TM) Ultra 7 165H,sklib,sklib-0.15.0,ocean_SRF,63,31,8,0;1;3;6;8;10;12;17,cold,282.614,1808676,753,35519320,66769920,9211464354,270923493,16454145483
2026-10-06T01:14:12+02:00,yoann-Precision-5490,Intel(R) Core(TM) Ultra 7 165H,kmc,kmc-3.2.4,ocean_SRF,63,31,8,0;1;3;6;8;10;12;17,cold,63.188,11756404,761,41858496,114231352,50827341135,NA,16454145483
2026-10-06T01:18:52+02:00,yoann-Precision-5490,Intel(R) Core(TM) Ultra 7 165H,sklib,sklib-0.15.0,ocean_DCM,63,31,8,0;1;3;6;8;10;12;17,cold,278.430,1578356,748,31708440,65636376,8452415136,248598516,16234718102
2026-10-06T01:19:56+02:00,yoann-Precision-5490,Intel(R) Core(TM) Ultra 7 165H,kmc,kmc-3.2.4,ocean_DCM,63,31,8,0;1;3;6;8;10;12;17,cold,63.202,11697980,761,41190232,107762912,47462670465,NA,16234718102
